1;ARRAS;SAINT-QUENTIN;BEAUVAIS;COMPIEGNE;BETHUNE;BOULOGNE-SUR-MER
2;CHALON-SUR-SAONE;MONTBELIARD;LONS-LE-SAUNIER;COLMAR;CHALONS-EN-CHAMPAGNE;VESOUL
3;BASTIA;BAYONNE;BEZIERS;SAINT-NAZAIRE;PERPIGNAN;DUNKERQUE
4;BOBIGNY;CRETEIL;PONTOISE;EVRY;BEAUVAIS;NANCY
5;MARSEILLE;LYON;TOULOUSE;CHARTRES;PAU;CLERMONT-FERRAND
6;ALBI;BASTIA;PERIGUEUX;MONTAUBAN;NEVERS;MONT-DE-MARSAN
7;LAON;TROYES;SENLIS;BOURGES;POITIERS;REIMS
8;BASTIA;AJACCIO;MARSEILLE;PERPIGNAN;TOULON;LES SABLES-D'OLONNE
9;ANGERS;CAEN;ROUEN;TOULON;NANCY;METZ
10;LYON;NICE;TOULON;VERSAILLES;PAU;CLERMONT-FERRAND
11;PONTOISE;NANTERRE;BOBIGNY;EVRY;SENLIS;BEAUVAIS
12;VILLEFRANCHE-SUR-SAONE;BOURG-EN-BRESSE;CLERMONT-FERRAND;VIENNE;LE PUY-EN-VELAY;SAINT-ETIENNE
13;NEVERS;CLERMONT-FERRAND;DIJON;BOURGES;ORLEANS;MOULINS
14;BOURGES;POITIERS;COLMAR;TOURS;CLERMONT-FERRAND;SAINT-BRIEUC
15;BESANCON;TOURS;LE HAVRE;POITIERS;NANCY;BOULOGNE-SUR-MER
16;SAINT-ETIENNE;BOURG-EN-BRESSE;CHALON-SUR-SAONE;VALENCE;CLERMONT-FERRAND;AUXERRE
17;ANNECY;THONON-LES-BAINS;CHALON-SUR-SAONE;CLERMONT-FERRAND;CHAMBERY;LE PUY-EN-VELAY
18;LORIENT;TOURS;DRAGUIGNAN;LE HAVRE;COUTANCES;METZ
19;BELFORT;MONTBELIARD;MULHOUSE;VESOUL;BESANCON;LONS-LE-SAUNIER
20;MARSEILLE;LILLE;MEAUX;NANTERRE;SENLIS;LIMOGES
21;DOUAI;VALENCIENNES;ARRAS;BETHUNE;BOULOGNE-SUR-MER;AVESNES-SUR-HELPE
22;NANTERRE;CRETEIL;EVRY;PONTOISE;METZ;NANCY
23;AMIENS;DIEPPE;REIMS;SAINT-QUENTIN;LAON;SOISSONS
24;MONTPELLIER;GRENOBLE;CARPENTRAS;BEZIERS;PRIVAS;GAP
25;GRENOBLE;CAEN;TOULON;QUIMPER;LE PUY-EN-VELAY;NANCY
26;AIX-EN-PROVENCE;LILLE;DRAGUIGNAN;LORIENT;LISIEUX;SAINT-NAZAIRE
27;BERGERAC;ANGOULEME;SAINTES;PERIGUEUX;PAU;TARBES
28;LYON;VIENNE;STRASBOURG;MARSEILLE;NANCY;AUXERRE
29;BESANCON;STRASBOURG;NANCY;LYON;MULHOUSE;VESOUL
30;NANTERRE;CRETEIL;PONTOISE;EVRY;SENLIS;BEAUVAIS
31;COLMAR;DIJON;MULHOUSE;NANCY;TROYES;METZ
32;ANGOULEME;AGEN;SAINTES;PAU;PERIGUEUX;LIMOGES
33;EVREUX;ORLEANS;CHARTRES;ROUEN;AUXERRE;SENLIS
34;MONTAUBAN;TARBES;AGEN;NARBONNE;PAU;BEZIERS
35;POITIERS;ANGOULEME;PAU;BAYONNE;PERIGUEUX;LIMOGES
36;DIJON;BESANCON;VESOUL;LONS-LE-SAUNIER;BOURG-EN-BRESSE;BELFORT
37;VALENCIENNES;DUNKERQUE;ARRAS;DOUAI;BOULOGNE-SUR-MER;AVESNES-SUR-HELPE
38;BETHUNE;DOUAI;LILLE;ARRAS;AVESNES-SUR-HELPE;BOULOGNE-SUR-MER
39;PONTOISE;MARSEILLE;AVIGNON;TROYES;NANCY;PAU
40;CLERMONT-FERRAND;SAINT-BRIEUC;SAINT-MALO;BRIVE-LA-GAILLARDE;VANNES;QUIMPER
41;GRASSE;TOULON;BAYONNE;PAU;PERPIGNAN;LA ROCHELLE
42;CAEN;TOURS;ROUEN;LA ROCHE-SUR-YON;COUTANCES;SAINT-NAZAIRE
43;ANGERS;LA ROCHE-SUR-YON;SAINT-NAZAIRE;VANNES;LES SABLES-D'OLONNE;LE MANS
44;MACON;CHALON-SUR-SAONE;CHALONS-EN-CHAMPAGNE;TROYES;AUXERRE;CLERMONT-FERRAND
45;AGEN;MONTAUBAN;BEZIERS;PAU;TARBES;PERPIGNAN
46;CRETEIL;NANTERRE;LILLE;NANCY;LE HAVRE;BEAUVAIS
47;CHERBOURG;COUTANCES;ARGENTAN;ALENCON;CAEN;SAINT-MALO
48;MONTPELLIER;BEZIERS;NIMES;ALES;PERPIGNAN;CASTRES
49;GRENOBLE;CHAMBERY;ANNECY;THONON-LES-BAINS;BONNEVILLE;ALBERTVILLE
50;ANGERS;LA ROCHE-SUR-YON;RENNES;LE MANS;LES SABLES-D'OLONNE;CLERMONT-FERRAND
51;AVIGNON;NIMES;CARPENTRAS;TOULON;PRIVAS;GAP
52;SENLIS;BEAUVAIS;AMIENS;BOBIGNY;LILLE;COMPIEGNE
53;ANGOULEME;AGEN;SAINTES;PERIGUEUX;PAU;NIORT
54;CARPENTRAS;DIGNE-LES-BAINS;MARSEILLE;AVIGNON;TOULON;GAP
55;DRAGUIGNAN;AVIGNON;BASTIA;DIGNE-LES-BAINS;GAP;CHAMBERY
56;SAVERNE;COLMAR;METZ;THIONVILLE;NANCY;MULHOUSE
57;BOURG-EN-BRESSE;STRASBOURG;COLMAR;LE HAVRE;METZ;BOULOGNE-SUR-MER
58;ANGOULEME;LA ROCHELLE;POITIERS;SAINTES;PAU;LIMOGES
59;ANGOULEME;AGEN;PERIGUEUX;POITIERS;PAU;LIMOGES
60;TOULOUSE;MONTAUBAN;AGEN;ALBI;CASTRES;CAHORS
61;BREST;LORIENT;QUIMPER;SAINT-NAZAIRE;CLERMONT-FERRAND;BAYONNE
62;TOULON;AIX-EN-PROVENCE;AVIGNON;DRAGUIGNAN;PAU;CLERMONT-FERRAND
63;MARSEILLE;TOULOUSE;AIX-EN-PROVENCE;NIMES;PERPIGNAN;PAU
64;BAYONNE;LA ROCHELLE;MONT-DE-MARSAN;TOULOUSE;PAU;TARBES
65;ANNECY;BOURG-EN-BRESSE;THONON-LES-BAINS;GRENOBLE;BONNEVILLE;ALBERTVILLE
66;NANTERRE;PONTOISE;CRETEIL;LILLE;BEAUVAIS;NANCY
67;NANTERRE;CRETEIL;PONTOISE;LILLE;BEAUVAIS;SENLIS
68;QUIMPER;LORIENT;BREST;CAEN;SAINT-NAZAIRE;LES SABLES-D'OLONNE
69;ROUEN;LE HAVRE;AMIENS;CAEN;BOULOGNE-SUR-MER;COUTANCES
70;TOURS;BLOIS;LE MANS;LAVAL;NIORT;SAINT-NAZAIRE
71;RENNES;REIMS;ROUEN;LILLE;NANCY;METZ
72;LYON;BESANCON;GRENOBLE;SAINT-ETIENNE;CLERMONT-FERRAND;NANCY
73;VILLEFRANCHE-SUR-SAONE;BOURGOIN-JALLIEU;BOURG-EN-BRESSE;SAINT-ETIENNE;LONS-LE-SAUNIER;CLERMONT-FERRAND
74;CHAMBERY;VALENCE;GAP;BOURGOIN-JALLIEU;LYON;ALBERTVILLE
75;TOURS;ANGERS;LILLE;LE MANS;METZ;BOULOGNE-SUR-MER
76;TOURS;ANGERS;LILLE;LE MANS;METZ;BOULOGNE-SUR-MER
77;ARRAS;REIMS;DUNKERQUE;SENLIS;TROYES;BOULOGNE-SUR-MER
78;NANTERRE;PONTOISE;MEAUX;SENLIS;BEAUVAIS;EVREUX
79;ANGERS;LORIENT;SAINTES;POITIERS;COUTANCES;CLERMONT-FERRAND
80;PARIS;CRETEIL;EVRY;PONTOISE;NIORT;PAU
81;MARSEILLE;NICE;TOULON;LILLE;SAINT-NAZAIRE;BOULOGNE-SUR-MER
82;STRASBOURG;LILLE;LYON;ANGERS;NANCY;BEAUVAIS
83;TOULON;DRAGUIGNAN;NICE;GRASSE;PRIVAS;DIGNE-LES-BAINS
84;TOULOUSE;BAYONNE;PERPIGNAN;MONTPELLIER;LILLE;ALBI
85;SAVERNE;COLMAR;SARREGUEMINES;VILLEFRANCHE-SUR-SAONE;NIORT;LES SABLES-D'OLONNE
86;MARSEILLE;CRETEIL;MEAUX;LILLE;SAINT-NAZAIRE;BOULOGNE-SUR-MER
87;MARSEILLE;NICE;TOULOUSE;LILLE;NANCY;METZ
88;TOULON;NIMES;VALENCE;SAINT-ETIENNE;CLERMONT-FERRAND;NANCY
89;TOURS;ANGERS;CLERMONT-FERRAND;POITIERS;LIMOGES;LILLE
90;LORIENT;MARSEILLE;NICE;LYON;NANCY;LES SABLES-D'OLONNE
91;AVIGNON;VALENCE;LYON;MARSEILLE;PRIVAS;BEAUVAIS
92;BOURG-EN-BRESSE;VALENCE;SAINT-ETIENNE;DIJON;CLERMONT-FERRAND;LONS-LE-SAUNIER
93;BAR-LE-DUC;NANCY;METZ;CHALONS-EN-CHAMPAGNE;SAVERNE;TROYES
94;ANGOULEME;PERIGUEUX;POITIERS;LIMOGES;PAU;BERGERAC
95;RENNES;QUIMPER;TARASCON;BREST;COUTANCES;SAINT-NAZAIRE
96;LYON;VILLEFRANCHE-SUR-SAONE;SAINT-ETIENNE;VALENCE;ROANNE;LONS-LE-SAUNIER
97;DRAGUIGNAN;AVIGNON;NICE;GRASSE;GAP;DIGNE-LES-BAINS
98;AUCH;AGEN;BERGERAC;ALBI;CAHORS;TOULOUSE
99;ALBI;CAHORS;MONTAUBAN;AJACCIO;ALES;AUCH
100;LYON;SAINT-ETIENNE;VILLEFRANCHE-SUR-SAONE;MACON;CLERMONT-FERRAND;ROANNE
101;ARRAS;DUNKERQUE;DOUAI;LE HAVRE;LES SABLES-D'OLONNE;CHARLEVILLE-MEZIERES
102;AVIGNON;NIMES;PONTOISE;EVRY;SENLIS;BEAUVAIS
103;PERPIGNAN;NARBONNE;CARPENTRAS;AVIGNON;NIMES;LES SABLES-D'OLONNE
104;BOBIGNY;PONTOISE;EVRY;LILLE;BEAUVAIS;SENLIS
105;TOURS;ANGERS;LE MANS;LILLE;NANCY;METZ
106;TOULON;PERPIGNAN;NARBONNE;BEZIERS;AVIGNON;PAU
107;CRETEIL;EVRY;MARSEILLE;TOULON;NANCY;METZ
108;VALENCE;GRENOBLE;SAINT-ETIENNE;CARPENTRAS;GAP;LE PUY-EN-VELAY
109;NANTERRE;CRETEIL;PONTOISE;EVRY;BEAUVAIS;SENLIS
110;BAYONNE;LA ROCHELLE;PAU;MONT-DE-MARSAN;PERIGUEUX;TARBES
111;ARRAS;DOUAI;BETHUNE;DUNKERQUE;BOULOGNE-SUR-MER;SAINT-NAZAIRE
112;CRETEIL;MARSEILLE;TOULOUSE;LYON;NANCY;BEAUVAIS
113;CHALONS-EN-CHAMPAGNE;LAON;SOISSONS;NANCY;SAINT-QUENTIN;CHARLEVILLE-MEZIERES
114;STRASBOURG;AVIGNON;PERPIGNAN;PONTOISE;PERIGUEUX;ALBI
115;POITIERS;ANGERS;SAINT-ETIENNE;LILLE;PAU;SAINT-NAZAIRE
116;PONTOISE;COMPIEGNE;NANTERRE;LILLE;NANCY;METZ
117;EVREUX;AMIENS;ORLEANS;LE HAVRE;LIMOGES;SAINT-NAZAIRE
118;VILLEFRANCHE-SUR-SAONE;BOURG-EN-BRESSE;MACON;NEVERS;MOULINS;ROANNE
119;LE MANS;ANGERS;ORLEANS;POITIERS;CLERMONT-FERRAND;CHATEAUROUX
120;COLMAR;SAVERNE;MULHOUSE;NANCY;METZ;AMIENS
121;COLMAR;MULHOUSE;DIJON;NANCY;METZ;LILLE
122;TOULON;NICE;GRENOBLE;GRASSE;NANCY;CLERMONT-FERRAND
123;BESANCON;NANCY;COLMAR;METZ;BOURG-EN-BRESSE;TROYES
124;CRETEIL;NANTERRE;EVRY;PONTOISE;NANCY;BEAUVAIS
125;ANGERS;LAVAL;RENNES;BREST;PAU;NANCY
126;AMIENS;MEAUX;TROYES;VALENCIENNES;BEAUVAIS;NANCY
127;BOURG-EN-BRESSE;CLERMONT-FERRAND;METZ;NANCY;GRENOBLE;MULHOUSE
128;ANGERS;TOURS;POITIERS;TROYES;NANCY;SAINT-NAZAIRE
129;STRASBOURG;COLMAR;BELFORT;SAVERNE;VESOUL;NANCY
130;ANGOULEME;SAINTES;BAYONNE;PERIGUEUX;BRIVE-LA-GAILLARDE;PAU
131;BAYONNE;TOULOUSE;MONTPELLIER;PAU;DRAGUIGNAN;PERPIGNAN
132;MELUN;NANTERRE;PONTOISE;EVRY;NANCY;BOULOGNE-SUR-MER
133;LE HAVRE;CAEN;ANGERS;LE MANS;LISIEUX;SAINT-NAZAIRE
134;MONTPELLIER;NIMES;BEZIERS;NARBONNE;COUTANCES;PERPIGNAN
135;GRENOBLE;DIJON;BOURG-EN-BRESSE;THONON-LES-BAINS;CLERMONT-FERRAND;GAP
136;RENNES;LILLE;LE HAVRE;CAEN;SAINT-NAZAIRE;BOULOGNE-SUR-MER
137;BETHUNE;DOUAI;VALENCIENNES;ARRAS;NANCY;METZ
138;RENNES;NANTERRE;LAVAL;PONTOISE;NANCY;METZ
139;NIMES;NICE;NARBONNE;QUIMPER;ALBI;PAU
140;COUTANCES;CHERBOURG;ALENCON;ARGENTAN;CAEN;LAVAL
141;VANNES;LORIENT;LAVAL;LA ROCHE-SUR-YON;NIORT;COUTANCES
142;ARRAS;LILLE;DUNKERQUE;CRETEIL;NANCY;BOULOGNE-SUR-MER
143;LILLE;TOURS;CAEN;BREST;METZ;SAINT-NAZAIRE
144;MARSEILLE;LILLE;AIX-EN-PROVENCE;BOBIGNY;PERPIGNAN;NANCY
145;PERIGUEUX;BERGERAC;PAU;BRIVE-LA-GAILLARDE;SAINTES;MONT-DE-MARSAN
146;CRETEIL;BOBIGNY;PONTOISE;EVRY;LISIEUX;BEAUVAIS
147;CARPENTRAS;AVIGNON;PRIVAS;NIMES;MARSEILLE;GAP
148;MONTAUBAN;AGEN;PAU;TOULOUSE;TARBES;ALBI
149;ANGERS;STRASBOURG;POITIERS;LILLE;NANCY;METZ
150;MARSEILLE;RENNES;LILLE;SAINT-ETIENNE;SAINT-NAZAIRE;NANCY
151;ORLEANS;RENNES;POITIERS;TOULON;SAINT-NAZAIRE;NANCY
152;LA ROCHELLE;BAYONNE;TOULOUSE;POITIERS;PAU;NIORT
153;VALENCIENNES;BETHUNE;AMIENS;PARIS;BOULOGNE-SUR-MER;LAON
154;COLMAR;MULHOUSE;SARREGUEMINES;AIX-EN-PROVENCE;METZ;NANCY
155;ANGOULEME;AGEN;PERIGUEUX;MONT-DE-MARSAN;PAU;BRIVE-LA-GAILLARDE
156;STRASBOURG;VERSAILLES;PONTOISE;LYON;NANCY;LONS-LE-SAUNIER
157;MEAUX;PONTOISE;LILLE;BEAUVAIS;ANNECY;SENLIS
158;NIMES;NICE;MARSEILLE;DUNKERQUE;LES SABLES-D'OLONNE;BOULOGNE-SUR-MER
159;AMIENS;ALENCON;BEAUVAIS;CHARTRES;LE MANS;SENLIS
160;CHALONS-EN-CHAMPAGNE;REIMS;NANCY;TROYES;DIJON;SOISSONS
161;BESANCON;CHALON-SUR-SAONE;LONS-LE-SAUNIER;BELFORT;VESOUL;BOURG-EN-BRESSE
162;MELUN;MEAUX;EVREUX;ROUEN;METZ;NANCY
163;LORIENT;LE HAVRE;RENNES;DUNKERQUE;BOULOGNE-SUR-MER;COUTANCES
164;LE HAVRE;ANGERS;CAEN;LE MANS;BOULOGNE-SUR-MER;BEAUVAIS
165;MARSEILLE;LILLE;TOULON;NARBONNE;PERPIGNAN;CLERMONT-FERRAND
166;MEAUX;VERSAILLES;PONTOISE;LILLE;BEAUVAIS;NANCY
167;AJACCIO;BASTIA;LA ROCHE-SUR-YON;BREST;SAINT-NAZAIRE;COUTANCES
168;GRASSE;NICE;MARSEILLE;AVIGNON;SAINT-NAZAIRE;CLERMONT-FERRAND
169;MEAUX;CRETEIL;PONTOISE;EVRY;NANCY;METZ
170;PONTOISE;NANTERRE;CRETEIL;EVRY;PERPIGNAN;BOULOGNE-SUR-MER
171;RENNES;TOURS;POITIERS;LYON;SAINT-BRIEUC;BOULOGNE-SUR-MER
172;VALENCE;SAINT-ETIENNE;DIJON;BOURG-EN-BRESSE;CLERMONT-FERRAND;NANCY
173;NIMES;AVIGNON;TOULOUSE;BEZIERS;PERPIGNAN;CASTRES
174;MARSEILLE;NANTERRE;CRETEIL;PONTOISE;NANCY;BOULOGNE-SUR-MER
175;POITIERS;TOURS;BESANCON;BOURG-EN-BRESSE;LIMOGES;CLERMONT-FERRAND
176;VALENCE;DIJON;BOURG-EN-BRESSE;DUNKERQUE;SAINT-NAZAIRE;CLERMONT-FERRAND
177;ANGERS;DIJON;LILLE;TOULON;CLERMONT-FERRAND;NANCY
178;BESANCON;MACON;AUXERRE;LYON;MULHOUSE;NANCY
179;BOURG-EN-BRESSE;ORLEANS;BESANCON;ROUEN;CLERMONT-FERRAND;NANCY
180;LILLE;LE HAVRE;STRASBOURG;PARIS;NANCY;METZ
181;VALENCE;AVIGNON;PRIVAS;BEZIERS;NARBONNE;LE PUY-EN-VELAY
182;VERSAILLES;CRETEIL;EVRY;PONTOISE;NANCY;METZ
183;GRASSE;MARSEILLE;NICE;NIORT;DRAGUIGNAN;DIGNE-LES-BAINS
184;MARSEILLE;AIX-EN-PROVENCE;LILLE;STRASBOURG;SAINT-NAZAIRE;BOULOGNE-SUR-MER
185;AJACCIO;BASTIA;NARBONNE;LYON;NANCY;PAU
186;ARRAS;BETHUNE;DUNKERQUE;DOUAI;BOULOGNE-SUR-MER;AVESNES-SUR-HELPE
187;NANTERRE;CRETEIL;PONTOISE;EVRY;NANCY;METZ
188;LORIENT;BREST;ANGERS;QUIMPER;SAINT-NAZAIRE;NIORT
189;TOURS;ORLEANS;LE MANS;LAVAL;SAINT-NAZAIRE;LES SABLES-D'OLONNE
190;STRASBOURG;MULHOUSE;NANCY;REIMS;METZ;THIONVILLE
191;NICE;AIX-EN-PROVENCE;DRAGUIGNAN;TOULON;PERPIGNAN;NANCY
192;TOULON;AVIGNON;NICE;LE HAVRE;PERPIGNAN;SAINT-NAZAIRE
193;MEAUX;NANTERRE;PONTOISE;EVRY;BEAUVAIS;SOISSONS
194;VERSAILLES;CHARTRES;ROUEN;LILLE;NANCY;BOULOGNE-SUR-MER
195;EVREUX;AMIENS;CAEN;ROUEN;COUTANCES;ALENCON
196;DRAGUIGNAN;AVIGNON;GRASSE;PAU;NICE;PERPIGNAN
197;EVRY;CHARTRES;CRETEIL;LE MANS;NANCY;BEAUVAIS
198;LILLE;TOULOUSE;BOBIGNY;LYON;BEAUVAIS;PAU
199;TOULON;NICE;MONTPELLIER;PERPIGNAN;BEZIERS;NANCY
200;VILLEFRANCHE-SUR-SAONE;BOURGOIN-JALLIEU;SAINT-ETIENNE;LYON;ROANNE;LE PUY-EN-VELAY
201;LA ROCHELLE;TOURS;POITIERS;SAINTES;LIMOGES;LES SABLES-D'OLONNE
202;ROUEN;LILLE;TOULOUSE;GRASSE;NANCY;LIMOGES
203;PERPIGNAN;GRASSE;NICE;CLERMONT-FERRAND;TOULON;SAINT-NAZAIRE
204;CHALON-SUR-SAONE;DIJON;BOURG-EN-BRESSE;LYON;LONS-LE-SAUNIER;AUXERRE
205;VALENCE;AVIGNON;CARPENTRAS;PRIVAS;BEZIERS;PERPIGNAN
206;PERPIGNAN;GRASSE;NICE;CLERMONT-FERRAND;TOULON;SAINT-NAZAIRE
207;ANGERS;TOURS;POITIERS;BOURGES;LIMOGES;NANCY
208;CRETEIL;LILLE;POITIERS;ORLEANS;BOULOGNE-SUR-MER;LISIEUX
209;BOBIGNY;MEAUX;MARSEILLE;PONTOISE;NANCY;METZ
210;ARRAS;LILLE;BETHUNE;TOURS;METZ;BEAUVAIS
211;BEZIERS;NARBONNE;PERPIGNAN;TARASCON;CARPENTRAS;PRIVAS
212;LYON;NICE;RENNES;TOULON;SAINT-NAZAIRE;PAU
213;PERPIGNAN;MONTPELLIER;PAU;AGEN;BEZIERS;NARBONNE
214;SAINT-NAZAIRE;AMIENS;BREST;PONTOISE;LISIEUX;MEAUX
215;REIMS;ORLEANS;LE MANS;EVREUX;BEAUVAIS;BOULOGNE-SUR-MER
216;MEAUX;ARRAS;LILLE;MARSEILLE;SAINT-NAZAIRE;BOULOGNE-SUR-MER
217;NARBONNE;NIMES;AIX-EN-PROVENCE;TOULOUSE;PERPIGNAN;CASTRES
218;ROUEN;TOURS;ORLEANS;LILLE;NANCY;SENLIS
219;CHALON-SUR-SAONE;BESANCON;AUXERRE;LONS-LE-SAUNIER;TROYES;BOURG-EN-BRESSE
220;AVIGNON;SAINT-ETIENNE;NIMES;GRASSE;PRIVAS;CLERMONT-FERRAND
221;SAINT-MALO;VANNES;BOULOGNE-SUR-MER;POITIERS;COUTANCES;SAINT-NAZAIRE
222;STRASBOURG;COLMAR;MULHOUSE;SAVERNE;NANCY;LONS-LE-SAUNIER
223;MARSEILLE;AIX-EN-PROVENCE;AVIGNON;TOULON;CLERMONT-FERRAND;PERPIGNAN
224;LILLE;DUNKERQUE;DOUAI;ARRAS;BOULOGNE-SUR-MER;AVESNES-SUR-HELPE
225;VILLEFRANCHE-SUR-SAONE;BOURG-EN-BRESSE;BESANCON;LYON;LONS-LE-SAUNIER;VESOUL
226;ANGERS;TOURS;LE HAVRE;LE MANS;NANCY;SAINT-NAZAIRE
227;AIX-EN-PROVENCE;AVIGNON;MARSEILLE;TOULOUSE;NANCY;METZ
228;BOBIGNY;CRETEIL;PONTOISE;MARSEILLE;BEAUVAIS;BOULOGNE-SUR-MER
229;MARSEILLE;AIX-EN-PROVENCE;MONTPELLIER;TOULOUSE;PERPIGNAN;PAU
230;MARSEILLE;TOULOUSE;LYON;LILLE;CLERMONT-FERRAND;NANCY
231;MARSEILLE;LILLE;ANGERS;TOULON;SAINT-NAZAIRE;BOULOGNE-SUR-MER
232;MONTPELLIER;CLERMONT-FERRAND;GRENOBLE;SAINT-ETIENNE;LE HAVRE;GAP
233;CRETEIL;BOBIGNY;EVRY;LILLE;NANCY;SENLIS
234;POITIERS;ANGERS;CHARTRES;NIORT;LE MANS;SAINT-NAZAIRE
235;BESANCON;COLMAR;TROYES;METZ;BOURG-EN-BRESSE;NANCY
236;ANGERS;LE MANS;RENNES;LA ROCHE-SUR-YON;SAINT-NAZAIRE;LES SABLES-D'OLONNE
237;STRASBOURG;RENNES;LILLE;BOURG-EN-BRESSE;CLERMONT-FERRAND;LIMOGES
238;STRASBOURG;LORIENT;LE HAVRE;SAINT-NAZAIRE;METZ;NANCY
239;POITIERS;BESANCON;LILLE;BETHUNE;BOULOGNE-SUR-MER;NANCY
240;MONTAUBAN;LA ROCHELLE;SAINTES;TOULOUSE;ALBI;TARBES
241;ANGOULEME;POITIERS;TOULOUSE;SAINTES;PAU;NIORT
242;GRENOBLE;BOURGOIN-JALLIEU;MARSEILLE;TOULON;LIMOGES;METZ
243;BOULOGNE-SUR-MER;DUNKERQUE;REIMS;CAEN;COUTANCES;LAON
244;ARRAS;DUNKERQUE;VALENCIENNES;MULHOUSE;BOULOGNE-SUR-MER;LIMOGES
245;ANNECY;NIMES;LYON;NARBONNE;CLERMONT-FERRAND;PERPIGNAN
246;ANGERS;LE MANS;TOURS;POITIERS;LES SABLES-D'OLONNE;SAINT-NAZAIRE
247;PARIS;LILLE;STRASBOURG;TOULOUSE;SAINT-NAZAIRE;BOULOGNE-SUR-MER
248;REIMS;PAU;NANCY;GRENOBLE;CLERMONT-FERRAND;PERPIGNAN
249;TOULON;GRASSE;DRAGUIGNAN;NARBONNE;PERPIGNAN;PAU
250;MEAUX;NANTERRE;EVRY;PONTOISE;BEAUVAIS;SENLIS
251;STRASBOURG;MULHOUSE;DIJON;LYON;BEAUVAIS;VESOUL
252;PONTOISE;VERSAILLES;BOBIGNY;EVRY;SENLIS;BEAUVAIS
253;STRASBOURG;NICE;TOULON;TROYES;SAINT-NAZAIRE;PAU
254;AJACCIO;TOULON;BASTIA;MARSEILLE;PAU;DIGNE-LES-BAINS
255;ANGERS;TOURS;ROUEN;BREST;SAINT-NAZAIRE;BOULOGNE-SUR-MER
256;LE HAVRE;TOURS;CAEN;BETHUNE;BOULOGNE-SUR-MER;BEAUVAIS
257;ORLEANS;LE HAVRE;AMIENS;POITIERS;BOULOGNE-SUR-MER;NANCY
258;MARSEILLE;BAYONNE;AIX-EN-PROVENCE;TOULON;PERPIGNAN;PAU
259;BASTIA;BAYONNE;TOULON;GRASSE;LES SABLES-D'OLONNE;CASTRES
260;PONTOISE;NANTERRE;ANGOULEME;COMPIEGNE;NANCY;METZ
261;TOURS;ANGERS;TOULON;TROYES;PAU;NANCY
262;BESANCON;MONTBELIARD;BELFORT;COLMAR;LONS-LE-SAUNIER;NANCY
263;PARIS;BOBIGNY;SAVERNE;ALBERTVILLE;CLERMONT-FERRAND;PAU
264;MEAUX;LILLE;REIMS;TOULON;NANCY;METZ
265;ANGERS;CHARTRES;LE MANS;LA ROCHE-SUR-YON;SAINT-NAZAIRE;SAINT-BRIEUC
266;MARSEILLE;LA ROCHELLE;RENNES;LILLE;SAINT-NAZAIRE;LES SABLES-D'OLONNE
267;LILLE;NANTERRE;PONTOISE;STRASBOURG;CLERMONT-FERRAND;NANCY
268;CHAMBERY;MONTAUBAN;PERPIGNAN;GRENOBLE;GAP;DIGNE-LES-BAINS
269;LORIENT;QUIMPER;RENNES;SAINT-NAZAIRE;LE MANS;COUTANCES
270;BLOIS;ANGERS;LE MANS;ROUEN;NANCY;METZ
271;REIMS;AMIENS;ROUEN;PONTOISE;NANCY;METZ
272;BASTIA;AJACCIO;PERIGUEUX;MONT-DE-MARSAN;AUCH;DIGNE-LES-BAINS
273;REIMS;STRASBOURG;LILLE;NANCY;METZ;ROUEN
274;TOULON;NICE;NIMES;DRAGUIGNAN;PERPIGNAN;CLERMONT-FERRAND
275;REIMS;AMIENS;CHALONS-EN-CHAMPAGNE;TROYES;SOISSONS;LAON
276;TOULON;NICE;NIMES;TOULOUSE;SAINT-NAZAIRE;NANCY
277;MARSEILLE;PARIS;AIX-EN-PROVENCE;LYON;SAINT-NAZAIRE;PERPIGNAN
278;LYON;MARSEILLE;NANTERRE;SAINT-ETIENNE;CLERMONT-FERRAND;SAINT-NAZAIRE
279;REIMS;BAYONNE;CHALONS-EN-CHAMPAGNE;LE MANS;LES SABLES-D'OLONNE;CHATEAUROUX
280;NANTERRE;CRETEIL;EVRY;LILLE;BEAUVAIS;NANCY
281;EVRY;BOBIGNY;NANTERRE;PONTOISE;SENLIS;SOISSONS
282;VILLEFRANCHE-SUR-SAONE;NARBONNE;VIENNE;CLERMONT-FERRAND;BEZIERS;LE PUY-EN-VELAY
283;MARSEILLE;LILLE;LYON;TOULOUSE;NANCY;BOULOGNE-SUR-MER
284;GRENOBLE;ANGERS;NANCY;DUNKERQUE;BOURGES;CLERMONT-FERRAND
285;LILLE;PONTOISE;LYON;MARSEILLE;METZ;NANCY
286;STRASBOURG;CLERMONT-FERRAND;COLMAR;BOURGES;LE PUY-EN-VELAY;LE HAVRE
287;BOBIGNY;MEAUX;PONTOISE;LILLE;SENLIS;BOULOGNE-SUR-MER
288;BESANCON;COLMAR;LONS-LE-SAUNIER;METZ;THONON-LES-BAINS;PERPIGNAN
289;LYON;GRENOBLE;MARSEILLE;NICE;CLERMONT-FERRAND;NANCY
290;REIMS;ARRAS;METZ;BETHUNE;NANCY;BOULOGNE-SUR-MER
291;CRETEIL;NANTERRE;PONTOISE;EVRY;BEAUVAIS;SENLIS
292;RENNES;ANGERS;BREST;SAINT-NAZAIRE;LES SABLES-D'OLONNE;TROYES
293;ROUEN;CHARTRES;ORLEANS;TROYES;AUXERRE;PAU
294;LILLE;SAINT-OMER;BOULOGNE-SUR-MER;DOUAI;ARRAS;METZ
295;SAINT-MALO;RENNES;ROUEN;TOULON;BOULOGNE-SUR-MER;SAINT-NAZAIRE
296;LA ROCHE-SUR-YON;AVIGNON;LA ROCHELLE;QUIMPER;BOULOGNE-SUR-MER;SAINT-NAZAIRE
297;VERSAILLES;ORLEANS;ROUEN;SAINT-ETIENNE;BEAUVAIS;CLERMONT-FERRAND
298;AVIGNON;ANGERS;ROUEN;LE HAVRE;BOULOGNE-SUR-MER;NANCY
299;LYON;BOURG-EN-BRESSE;VALENCE;PARIS;NANCY;CLERMONT-FERRAND
300;TOULOUSE;MONTPELLIER;AVIGNON;CLERMONT-FERRAND;LE HAVRE;NANCY
301;MARSEILLE;LILLE;AIX-EN-PROVENCE;AVIGNON;BOULOGNE-SUR-MER;COUTANCES
302;TOURS;ORLEANS;POITIERS;LIMOGES;PAU;TOULOUSE
303;DUNKERQUE;CAEN;STRASBOURG;NANCY;ROUEN;BOULOGNE-SUR-MER
