1;TROYES //Vert;RENNES //Noir;ANGERS //Noir;EVREUX //Vert;ORLEANS //Rouge;CHARTRES //Orange;;;;;;
2;LIMOGES //Vert;BERGERAC //Vert;PERIGUEUX //Rouge;POITIERS //Rouge;BRIVE //Vert;NEVERS //Vert;;;;;;
3;BOBIGNY //Rouge;CRETEIL //Rouge;PARIS //Noir;MELUN //Noir;MEAUX //Orange;CHARTRES;;;;;;
4;BELFORT //Orange;CHALON SUR SAONE //Vert;MONTBELLIARD //Vert;DIJON //Noir;MACON //Vert;LONS-LE-SAUNIER //Vert;BAYONNE// Noir;LA ROCHELLE// Noir;TOURS// Noir;;;
5;ARRAS //Vert;BETHUNE //Vert;DOUAI //Orange;SAINT-OMER //Vert;LILLE //Rouge;CAMBRAI //Vert;DUNKERQUE //Rouge;AMIENS //Noir;;;;
6;MONTAUBAN //Rouge;ALBI //Orange;AUCH //Vert;PONTOISE //Rouge;MELUN //Noir;FOIX //Vert;;;;;;
7;RENNES //Noir;PARIS //Noir;CRETEIL //Rouge;TOULOUSE //Rouge;MONT-DE-MARSAN //Vert;ALENCON //Vert;;;;;;
8;COLMAR //Orange;BELFORT //Orange;STRASBOURG //Rouge;DIJON //Noir;METZ //Rouge;NANCY //Vert;MULHOUSE //Orange;EPINAL //Vert;THIONVILLE //Vert;;;
9;CRETEIL //Rouge;EVRY //Rouge;CHARTRES //Orange;BOBIGNY //Rouge;MEAUX //Orange;PONTOISE //Rouge;;;;;;
10;COUTANCES //Vert;LA ROCHE S/ YON //Vert;POITIERS //Rouge;LE MANS //Rouge;ANGERS //Noir;LA ROCHELLE  //Noir;;;;;;
11;RENNES //Noir;ORLEANS //Rouge;TOULON //Orange;CLERMONT FERRAND //Vert;MONT-DE-MARSAN //Vert;BOULOGNE SUR MER //Vert;;;;;;
12;EVRY //Rouge;MEAUX //Orange;MARSEILLE //Rouge;PONTOISE //Rouge;AMIENS //Noir;NANCY //Vert;;;;;;
13;ORLEANS //Rouge;AMIENS //Noir;NICE //Rouge;VALENCE //Rouge;ALBERTVILLE //Vert;CLERMONT FERRAND //Vert;POITIERS //Rouge;TARASCON //Vert;LIMOGES //Vert;BRIVE //Vert;;
14;LE MANS //Rouge;NIORT //Vert;BLOIS //Orange;LA ROCHE S/ YON //Vert;SAINT NAZAIRE //Vert;COUTANCES //Vert;;;;;;
15;PERPIGNAN //Rouge;NARBONNE //Orange;BEZIERS //Vert;CARCASSONNE //Vert;MONTPELLIER //Noir;NIMES //Rouge;;;;;;
16;CRETEIL //Rouge;BOBIGNY //Rouge;PONTOISE //Rouge;CHARTRES //Orange;NANCY //Vert;EVREUX //Vert;MEAUX //Orange;TROYES //Vert;COMPIEGNE //Vert;BEAUVAIS //Vert;SOISSONS //Vert;LAON //Vert
17;SAINT NAZAIRE //Vert;NANTES  //Noir;ANGERS //Noir;LA ROCHE S/ YON //Vert;LES SABLES D'OLONNE //Vert;LE MANS //Rouge;SAINT MALO //Vert;LAVAL //Vert;FONTAINEBLEAU //Rouge;MEAUX //Orange;POITIERS //Rouge;PONTOISE //Rouge
18;CRETEIL //Rouge;PARIS //Noir;NANTERRE //Noir;BOBIGNY //Rouge;MEAUX //Orange;EVREUX //Vert;;;;;;
19;NANTERRE //Noir;CRETEIL //Rouge;PONTOISE //Rouge;MELUN //Noir;DRAGUIGNAN //Vert;TOULON //Orange;EVRY //Rouge;;;;;
20;MEAUX //Orange;EVRY //Rouge;PONTOISE //Rouge;CRETEIL //Rouge;FONTAINEBLEAU //Rouge;BEAUVAIS //Vert;;;;;;
21;METZ //Rouge;MULHOUSE //Orange;COLMAR //Orange;STRASBOURG //Rouge;TROYES //Vert;NANCY //Vert;;;;;;
22;NANTERRE //Noir;LILLE //Rouge;REIMS //Noir;ARRAS //Vert;CHARTRES //Orange;COMPIEGNE //Vert;AMIENS //Noir;ORLEANS //Rouge;CHALONS EN CHAMPAGNE //Rouge;PONTOISE //Rouge;;
23;DUNKERQUE //Rouge;SAINT-OMER //Vert;LILLE //Rouge;BETHUNE //Vert;DOUAI //Orange;ARRAS //Vert;;;;;;
24;MEAUX //Orange;CHARTRES //Orange;ROUEN //Noir;LILLE //Rouge;RENNES //Noir;NANCY //Vert;;;;;;
25;LORIENT //Rouge;SAINT BRIEUC //Orange;BREST //Orange;LA ROCHELLE  //Noir;ORLEANS //Rouge;VALENCE //Rouge;;;;;;
26;RENNES //Noir;TROYES //Vert;MEAUX //Orange;EVREUX //Vert;ORLEANS //Rouge;CHARTRES //Orange;;;;;;
27;ALENCON //Vert;PERIGUEUX //Rouge;LAVAL //Vert;PAU //Rouge;TOURS //Noir;NIORT //Vert;;;;;;
28;LYON //Noir;STRASBOURG //Rouge;RENNES //Noir;NANCY //Vert;POITIERS //Rouge;BOULOGNE SUR MER //Vert;COLMAR //Orange;LA ROCHE S/ YON //Vert;TROYES //Vert;EVREUX //Vert;;
29;CHALON SUR SAONE //Vert;MULHOUSE //Orange;AUXERRE //Vert;BOURG/BRES. //Vert;LYON //Noir;MONTBELLIARD //Vert;;;;;;
30;BREST //Orange;LORIENT //Rouge;RENNES //Noir;STRASBOURG //Rouge;BASTIA //Orange;SAINT BRIEUC //Orange;;;;;;
31;BOULOGNE SUR MER //Vert;LA ROCHELLE  //Noir;DUNKERQUE //Rouge;DIEPPE //Vert;LE HAVRE //Noir;LILLE //Rouge;;;;;;
32;PERPIGNAN //Rouge;NARBONNE //Orange;BEZIERS //Vert;CARCASSONNE //Vert;FOIX //Vert;RODEZ //Vert;;;;;;
33;VALENCE //Rouge;NARBONNE //Orange;CLERMONT FERRAND //Vert;POITIERS //Rouge;ORLEANS //Rouge;TOULON //Orange;BEZIERS //Vert;MACON //Vert;;;;
34;ANNECY //Noir;RENNES //Noir;BOULOGNE SUR MER //Vert;CHAMBERY //Rouge;LORIENT //Rouge;CLERMONT FERRAND //Vert;;;;;;
35;MONTPELLIER //Noir;BEZIERS //Vert;NIMES //Rouge;ALES //Vert;NARBONNE //Orange;VALENCE //Rouge;;;;;;
36;VESOUL //Vert;DIJON //Noir;LYON //Noir;METZ //Rouge;STRASBOURG //Rouge;MONTBELLIARD //Vert;;;;;;
37;DRAGUIGNAN //Vert;TOULON //Orange;MARSEILLE //Rouge;GRASSE //Rouge;AIX //Noir;DIGNE LES BAINS //Vert;;;;;;
38;ANNECY //Noir;CHAMBERY //Rouge;TOULOUSE //Rouge;BAYONNE //Noir;ALBERTVILLE //Vert;TOULON //Orange;;;;;;
39;MONTAUBAN //Rouge;MONT-DE-MARSAN //Vert;PAU //Rouge;CLERMONT FERRAND //Vert;DRAGUIGNAN //Vert;TARBES //Vert;;;;;;
40;BOBIGNY //Rouge;CRETEIL //Rouge;LILLE //Rouge;STRASBOURG //Rouge;MEAUX //Orange;BOULOGNE SUR MER //Vert;;;;;;
41;LA ROCHE S/ YON //Vert;LA ROCHELLE  //Noir;ORLEANS //Rouge;LORIENT //Rouge;COUTANCES //Vert;LES SABLES D'OLONNE //Vert;LAVAL //Vert;;;;;
42;LILLE //Rouge;BAYONNE //Noir;PAU //Rouge;ROUEN //Noir;BOULOGNE SUR MER //Vert;SAINT BRIEUC //Orange;BREST //Orange;LA ROCHELLE  //Noir;;;;
43;PONTOISE //Rouge;CRETEIL //Rouge;EVRY //Rouge;ARRAS //Vert;COMPIEGNE //Vert;MEAUX //Orange;;;;;;
44;NANTES  //Noir;RENNES //Noir;TOULOUSE //Rouge;TOULON //Orange;PERPIGNAN //Rouge;NANCY //Vert;PAU //Rouge;PONTOISE //Rouge;CRETEIL //Rouge;VALENCE //Rouge;METZ //Rouge;NIMES //Rouge
45;STRASBOURG //Rouge;ANNECY //Noir;EPINAL //Vert;COLMAR //Orange;DIJON //Noir;MULHOUSE //Orange;;;;;;
46;MELUN //Noir;PONTOISE //Rouge;EVRY //Rouge;MEAUX //Orange;BOBIGNY //Rouge;CHARTRES //Orange;PARIS //Noir;NANTERRE //Noir;;;;
47;CHAMBERY //Rouge;CHALON SUR SAONE //Vert;BOURG/BRES. //Vert;DIJON //Noir;MONTAUBAN //Rouge;MONTBELLIARD //Vert;LA ROCHE S/ YON //Vert;;;;;
48;VALENCE //Rouge;SAINT-ETIENNE //Orange;LYON //Noir;VIENNE //Noir;BOURG/BRES. //Vert;NIMES //Rouge;;;;;;
49;MONTARGIS //Vert;CHARTRES //Orange;CRETEIL //Rouge;ARRAS //Vert;ORLEANS //Rouge;LE MANS //Rouge;DOUAI //Orange;SOISSONS //Vert;SENLIS //Vert;AMIENS //Noir;LILLE //Rouge;NANTERRE //Noir
50;LE MANS //Rouge;ROUEN //Noir;TOURS //Noir;COUTANCES //Vert;CHERBOURG //Vert;LILLE //Rouge;;;;;;
51;ANNECY //Noir;SAINT-ETIENNE //Orange;CHAMBERY //Rouge;VALENCE //Rouge;BOURG/BRES. //Vert;AVIGNON //Noir;MACON //Vert;;;;;
52;MONTPELLIER //Noir;LYON //Noir;STRASBOURG //Rouge;LILLE //Rouge;TOULON //Orange;NANCY //Vert;NICE //Rouge;METZ //Rouge;AJACCIO //Rouge;THONON LES BAINS //Vert;SAINT MALO //Vert;BEZIERS //Vert
53;MARSEILLE //Rouge;PARIS //Noir;BAYONNE //Noir;CRETEIL //Rouge;MEAUX //Orange;TOULON //Orange;;;;;;
54;MELUN //Noir;REIMS //Noir;AUXERRE //Vert;TROYES //Vert;SENLIS //Vert;CHARTRES //Orange;;;;;;
55;TOURS //Noir;LA ROCHELLE  //Noir;POITIERS //Rouge;VALENCE //Rouge;BLOIS //Orange;MEAUX //Orange;ANGERS //Noir;ROUEN //Noir;;;;
56;SAINT-ETIENNE //Orange;BOURG/BRES. //Vert;CHAMBERY //Rouge;GRENOBLE //Rouge;STRASBOURG //Rouge;AVIGNON //Noir;;;;;;
57;METZ //Rouge;NANCY //Vert;ORLEANS //Rouge;BREST //Orange;PAU //Rouge;AMIENS //Noir;;;;;;
58;MONTAUBAN //Rouge;TOULOUSE //Rouge;CARCASSONNE //Vert;AGEN //Noir;ALBI //Orange;CAHORS //Vert;FOIX //Vert;AUCH //Vert;NARBONNE //Orange;TARBES //Vert;PAU //Rouge;CLERMONT FERRAND //Vert
59;MELUN //Noir;ROUEN //Noir;ORLEANS //Rouge;CHARTRES //Orange;TROYES //Vert;BLOIS //Orange;AMIENS //Noir;AUXERRE //Vert;;;
60;AVIGNON //Noir;LA ROCHELLE  //Noir;STRASBOURG //Rouge;TOULOUSE //Rouge;BREST //Orange;NANCY //Vert;;;;;;
61;NICE //Rouge;GRASSE //Rouge;AJACCIO //Rouge;BASTIA //Orange;VALENCE //Rouge;VILLEFRANCHE SUR SAONE //Vert;AIX //Noir;LYON //Noir;GRENOBLE //Rouge;MONTPELLIER //Noir;DRAGUIGNAN //Vert;MARSEILLE //Rouge
62;PARIS //Noir;BOBIGNY //Rouge;CRETEIL //Rouge;PONTOISE //Rouge;MEAUX //Orange;CHARTRES //Orange;NANTERRE //Noir;MELUN //Noir;EVRY //Rouge;LE MANS //Rouge;;
63;PONTOISE //Rouge;CRETEIL //Rouge;MEAUX //Orange;BOBIGNY //Rouge;EVRY //Rouge;CHARTRES //Orange;PARIS //Noir;ORLEANS //Rouge;TOURS //Noir;;;
64;MONTPELLIER //Noir;NIMES //Rouge;TOULOUSE //Rouge;MARSEILLE //Rouge;TOULON //Orange;DRAGUIGNAN //Vert;NICE //Rouge;PERPIGNAN //Rouge;BEZIERS //Vert;NARBONNE //Orange;RODEZ //Vert;CARCASSONNE //Vert
65;NANCY //Vert;EPINAL //Vert;VERDUN //Vert;REIMS //Noir;STRASBOURG //Rouge;SAINT MALO //Vert;;;;;;
66;BAYONNE //Noir;PAU //Rouge;DAX //Orange;SAINTES //Vert;POITIERS //Rouge;NIORT //Vert;BERGERAC //Vert;;;;;
67;NANTES  //Noir;RENNES //Noir;CLERMONT FERRAND //Vert;NANCY //Vert;CHAMBERY //Rouge;STRASBOURG //Rouge;;;;;;
68;PARIS //Noir;BOBIGNY //Rouge;NANTERRE //Noir;EVRY //Rouge;MEAUX //Orange;CHARTRES //Orange;PONTOISE //Rouge;AMIENS //Noir;MELUN //Noir;CRETEIL //Rouge;BEAUVAIS //Vert;COMPIEGNE //Vert
69;SAINT MALO //Vert;SAINT BRIEUC //Orange;ANGERS //Noir;LE MANS //Rouge;SAINT NAZAIRE //Vert;PONTOISE //Rouge;ROUEN //Noir;LORIENT //Rouge;LES SABLES D'OLONNE //Vert;;;
70;BAYONNE //Noir;DAX //Orange;AJACCIO //Rouge;MONTPELLIER //Noir;VALENCE //Rouge;MONT-DE-MARSAN //Vert;;;;;;
71;DIJON //Noir;BOURG/BRES. //Vert;AUXERRE //Vert;MULHOUSE //Orange;COLMAR //Orange;CHALON SUR SAONE //Vert;TROYES //Vert;STRASBOURG //Rouge;;;;
72;CHATEAUROUX //Vert;ARRAS //Vert;DOUAI //Orange;ORLEANS //Rouge;LILLE //Rouge;BOURGES //Orange;;;;;;
73;BOBIGNY //Rouge;CRETEIL //Rouge;MELUN //Noir;EVRY //Rouge;CHARTRES //Orange;TROYES //Vert;POITIERS //Rouge;MONTBELLIARD //Vert;PONTOISE //Rouge;;;
74;NANTES  //Noir;REIMS //Noir;LE MANS //Rouge;POITIERS //Rouge;SAINT BRIEUC //Orange;ARRAS //Vert;;;;;;
75;POITIERS //Rouge;LA ROCHELLE  //Noir;NIORT //Vert;SAINTES //Vert;TOURS //Noir;LA ROCHE S/ YON //Vert;;;;;;
76;NANTES  //Noir;LA ROCHELLE  //Noir;NIORT //Vert;DAX //Orange;LORIENT //Rouge;PERPIGNAN //Rouge;;;;;;
77;BOBIGNY //Rouge;CRETEIL //Rouge;EVRY //Rouge;BERGERAC //Vert;PARIS //Noir;SAINT BRIEUC //Orange;BAYONNE //Noir;PERIGUEUX //Rouge;LA ROCHELLE  //Noir;;;
78;ROUEN //Noir;METZ //Rouge;NANCY //Vert;ORLEANS //Rouge;MONTPELLIER //Noir;CHARTRES //Orange;;;;;;
79;TOULOUSE //Rouge;MONTPELLIER //Noir;SAINT NAZAIRE //Vert;QUIMPER //Vert;LA ROCHE S/ YON //Vert;SAINT MALO //Vert;TARBES //Vert;RODEZ //Vert;CAHORS //Vert;ALES //Vert;CARCASSONNE //Vert;MONTAUBAN //Rouge
80;PAU //Rouge;TOULOUSE //Rouge;BAYONNE //Noir;AGEN //Noir;MONT-DE-MARSAN //Vert;MEAUX //Orange;BETHUNE //Vert;VALENCIENNES //Vert;BOULOGNE SUR MER //Vert;;;
81;RENNES //Noir;ROUEN //Noir;LILLE //Rouge;ARRAS //Vert;SAINT BRIEUC //Orange;ORLEANS //Rouge;;;;;;
82;BOBIGNY //Rouge;CRETEIL //Rouge;MELUN //Noir;PONTOISE //Rouge;MEAUX //Orange;TROYES //Vert;EVRY //Rouge;AMIENS //Noir;BETHUNE //Vert;BOULOGNE SUR MER //Vert;BEAUVAIS //Vert;
83;AIX //Noir;TOULON //Orange;DRAGUIGNAN //Vert;AVIGNON //Noir;MARSEILLE //Rouge;VALENCE //Rouge;CARPENTRAS //Vert;;;;;
84;BOURGES //Orange;CHATEAUROUX //Vert;CRETEIL //Rouge;PARIS //Noir;CHARTRES //Orange;EVRY //Rouge;;;;;;
85;MELUN //Noir;MEAUX //Orange;EVRY //Rouge;PONTOISE //Rouge;TOULOUSE //Rouge;CHARTRES //Orange;;;;;;
86;AGEN //Noir;SAINTES //Vert;PAU //Rouge;PERIGUEUX //Rouge;BAYONNE //Noir;DAX //Orange;;;;;;
87;RENNES //Noir;SENLIS //Vert;NANTES  //Noir;ORLEANS //Rouge;POITIERS //Rouge;SAINTES //Vert;;;;;;
88;STRASBOURG //Rouge;LILLE //Rouge;ROUEN //Noir;BETHUNE //Vert;BOULOGNE SUR MER //Vert;NIMES //Rouge;;;;;;
89;SAINT BRIEUC //Orange;BREST //Orange;SAINT MALO //Vert;LORIENT //Rouge;QUIMPER //Vert;SAINT NAZAIRE //Vert;EVRY //Rouge;RENNES //Noir;;;;
90;RENNES //Noir;NANTES  //Noir;LE MANS //Rouge;LORIENT //Rouge;BREST //Orange;COUTANCES //Vert;ANGERS //Noir;EVREUX //Vert;AMIENS //Noir;LAVAL //Vert;QUIMPER //Vert;
91;BRIVE //Vert;LIMOGES //Vert;BAYONNE //Noir;PAU //Rouge;POITIERS //Rouge;RODEZ //Vert;;;;;;
92;TOULON //Orange;NICE //Rouge;NARBONNE //Orange;NIMES //Rouge;DRAGUIGNAN //Vert;SAINTES //Vert;;;;;;
93;NANTES  //Noir;ANGERS //Noir;ORLEANS //Rouge;CHALON SUR SAONE //Vert;POITIERS //Rouge;NANCY //Vert;DIJON //Noir;LA ROCHELLE  //Noir;LE MANS //Rouge;TROYES //Vert;STRASBOURG //Rouge;LILLE //Rouge
94;MELUN //Noir;PONTOISE //Rouge;STRASBOURG //Rouge;MEAUX //Orange;NANCY //Vert;MARSEILLE //Rouge;;;;;;
95;DOUAI //Orange;BETHUNE //Vert;COLMAR //Orange;SAVERNE //Vert;STRASBOURG //Rouge;POITIERS //Rouge;;;;;;
96;AIX //Noir;MONTPELLIER //Noir;NICE //Rouge;NIMES //Rouge;TOULON //Orange;DRAGUIGNAN //Vert;GRASSE //Rouge;LYON //Noir;AVIGNON //Noir;;;
97;STRASBOURG //Rouge;METZ //Rouge;COLMAR //Orange;SARREGUEMINES //Vert;SAVERNE //Vert;THIONVILLE //Vert;;;;;;
98;VIENNE //Noir;VILLEFRANCHE SUR SAONE //Vert;SAINT-ETIENNE //Orange;BOURG/BRES. //Vert;BOURGOIN JALLIEU //Vert;MACON //Vert;VALENCE //Rouge;;;;;
99;LILLE //Rouge;LA ROCHELLE  //Noir;POITIERS //Rouge;ORLEANS //Rouge;BOULOGNE SUR MER //Vert;EVREUX //Vert;AMIENS //Noir;TROYES //Vert;;;;
100;LORIENT //Rouge;RENNES //Noir;LE MANS //Rouge;ANGERS //Noir;CHARTRES //Orange;EVREUX //Vert;ORLEANS //Rouge;POITIERS //Rouge;TROYES //Vert;NANCY //Vert;;
101;ANGERS //Noir;MONTPELLIER //Noir;NIMES //Rouge;CHAMBERY //Rouge;TROYES //Vert;NANCY //Vert;;;;;;
102;MARSEILLE //Rouge;TOULOUSE //Rouge;LILLE //Rouge;STRASBOURG //Rouge;NANCY //Vert;BASTIA //Orange;SAINT BRIEUC //Orange;BREST //Orange;BETHUNE //Vert;BOULOGNE SUR MER //Vert;QUIMPER //Vert;VALENCIENNES //Vert
103;NIMES //Rouge;ORLEANS //Rouge;ROUEN //Noir;NANCY //Vert;LE HAVRE //Noir;SAINT-ETIENNE //Orange;;;;;;
104;ANNECY //Noir;CHAMBERY //Rouge;GRENOBLE //Rouge;VALENCE //Rouge;DRAGUIGNAN //Vert;THONON LES BAINS //Vert;ALBERTVILLE //Vert;MACON //Vert;;;;
105;ROUEN //Noir;LE HAVRE //Noir;EVREUX //Vert;DIEPPE //Vert;PONTOISE //Rouge;LISIEUX //Vert;;;;;;
106;STRASBOURG //Rouge;LILLE //Rouge;DIJON //Noir;METZ //Rouge;COLMAR //Orange;EVREUX //Vert;AMIENS //Noir;ORLEANS //Rouge;PONTOISE //Rouge;POITIERS //Rouge;BEAUVAIS //Vert;SAINT-QUENTIN //Vert
107;GRASSE //Rouge;SAINT NAZAIRE //Vert;NANTES  //Noir;POITIERS //Rouge;STRASBOURG //Rouge;CLERMONT FERRAND //Vert;;;;;;
108;LE MANS //Rouge;TOURS //Noir;ANGERS //Noir;SAINTES //Vert;CHARTRES //Orange;ALENCON //Vert;;;;;;
109;RENNES //Noir;ANGERS //Noir;POITIERS //Rouge;CLERMONT FERRAND //Vert;LIMOGES //Vert;BREST //Orange;SAINT MALO //Vert;BERGERAC //Vert;RODEZ //Vert;;;
110;NANTERRE //Noir;PONTOISE //Rouge;ANGERS //Noir;POITIERS //Rouge;AUXERRE //Vert;TOULON //Orange;;;;;;
111;BOURG/BRES. //Vert;GRENOBLE //Rouge;LA ROCHELLE  //Noir;POITIERS //Rouge;ANNECY //Noir;QUIMPER //Vert;;;;;;
112;BAYONNE //Noir;PAU //Rouge;AGEN //Noir;PERPIGNAN //Rouge;MONT-DE-MARSAN //Vert;NARBONNE //Orange;POITIERS //Rouge;CLERMONT FERRAND //Vert;;;;
113;VALENCE //Rouge;BOURG/BRES. //Vert;SAINT-ETIENNE //Orange;LYON //Noir;GRENOBLE //Rouge;ANNECY //Noir;;;;;;
114;PARIS //Noir;PONTOISE //Rouge;BOBIGNY //Rouge;LILLE //Rouge;NANCY //Vert;SAINT MALO //Vert;SAINT NAZAIRE //Vert;DOUAI //Orange;BELFORT //Orange;ARRAS //Vert;BEAUVAIS //Vert;ANNECY //Noir
115;LILLE //Rouge;DOUAI //Orange;VALENCIENNES //Vert;DUNKERQUE //Rouge;BETHUNE //Vert;ARRAS //Vert;;;;;;
116;LILLE //Rouge;DOUAI //Orange;VALENCIENNES //Vert;DUNKERQUE //Rouge;BETHUNE //Vert;ARRAS //Vert;;;;;;
117;AVIGNON //Noir;NANTES  //Noir;VALENCE //Rouge;PAU //Rouge;SAINT NAZAIRE //Vert;BOURG/BRES. //Vert;BAYONNE //Noir;DIJON //Noir;BEZIERS //Vert;SAINT-ETIENNE //Orange;COLMAR //Orange;ALBERTVILLE //Vert
118;BEZIERS //Vert;POITIERS //Rouge;MULHOUSE //Orange;CLERMONT FERRAND //Vert;STRASBOURG //Rouge;NEVERS //Vert;;;;;;
119;BOURGOIN JALLIEU //Vert;VILLEFRANCHE SUR SAONE //Vert;VIENNE //Noir;SAINT-ETIENNE //Orange;BOURG/BRES. //Vert;VALENCE //Rouge;;;;;;
120;GRENOBLE //Rouge;LILLE //Rouge;CRETEIL //Rouge;BETHUNE //Vert;BREST //Orange;METZ //Rouge;LE HAVRE //Noir;BOULOGNE SUR MER //Vert;MEAUX //Orange;AMIENS //Noir;SAINT-ETIENNE //Orange;VALENCIENNES //Vert
121;NANTES  //Noir;RENNES //Noir;MARSEILLE //Rouge;NICE //Rouge;NIORT //Vert;SAINT MALO //Vert;LA ROCHELLE  //Noir;NIMES //Rouge;STRASBOURG //Rouge;LILLE //Rouge;MONTPELLIER //Noir;LORIENT //Rouge
122;MONTPELLIER //Noir;ANNECY //Noir;GRENOBLE //Rouge;CHAMBERY //Rouge;THONON LES BAINS //Vert;ALBERTVILLE //Vert;VALENCE //Rouge;NIMES //Rouge;AIX //Noir;NICE //Rouge;BAYONNE //Noir;LA ROCHELLE  //Noir
123;AUXERRE //Vert;QUIMPER //Vert;MELUN //Noir;REIMS //Noir;EVRY //Rouge;ORLEANS //Rouge;SOISSONS //Vert;COMPIEGNE //Vert;SENLIS //Vert;ARRAS //Vert;LAON //Vert;SAINT-QUENTIN //Vert
124;GRENOBLE //Rouge;BEZIERS //Vert;AGEN //Noir;PERPIGNAN //Rouge;NARBONNE //Orange;NIMES //Rouge;TOULOUSE //Rouge;MONTAUBAN //Rouge;PAU //Rouge;BAYONNE //Noir;MONTPELLIER //Noir;VALENCE //Rouge
125;EVRY //Rouge;ORLEANS //Rouge;NANCY //Vert;BETHUNE //Vert;CHARTRES //Orange;LAON //Vert;;;;;;
126;SAINTES //Vert;DAX //Orange;POITIERS //Rouge;BAYONNE //Noir;PERIGUEUX //Rouge;BERGERAC //Vert;AGEN //Noir;PAU //Rouge;;;;
127;POITIERS //Rouge;REIMS //Noir;RENNES //Noir;ORLEANS //Rouge;CHARTRES //Orange;TROYES //Vert;;;;;;
128;AVIGNON //Noir;NIMES //Rouge;METZ //Rouge;POITIERS //Rouge;CLERMONT FERRAND //Vert;NANCY //Vert;PERPIGNAN //Rouge;ORLEANS //Rouge;VALENCE //Rouge;SAINT-ETIENNE //Orange;TROYES //Vert;AUXERRE //Vert
129;TOULOUSE //Rouge;MONTAUBAN //Rouge;AGEN //Noir;LA ROCHELLE  //Noir;MONT-DE-MARSAN //Vert;ALBI //Orange;PAU //Rouge;;;;;
130;VIENNE //Noir;BOURGOIN JALLIEU //Vert;NANCY //Vert;VILLEFRANCHE SUR SAONE //Vert;SAINT-ETIENNE //Orange;MOULINS //Vert;MACON //Vert;BOURG/BRES. //Vert;VALENCE //Rouge;;;
131;LYON //Noir;NANTES  //Noir;MARSEILLE //Rouge;BOBIGNY //Rouge;MEAUX //Orange;TOULON //Orange;CRETEIL //Rouge;LA ROCHELLE  //Noir;REIMS //Noir;ROUEN //Noir;MONTPELLIER //Noir;TOULOUSE //Rouge
132;SAINT MALO //Vert;REIMS //Noir;TOURS //Noir;CHARTRES //Orange;EVREUX //Vert;LE MANS //Rouge;STRASBOURG //Rouge;;;;;
133;AMIENS //Noir;BEAUVAIS //Vert;ROUEN //Noir;SENLIS //Vert;METZ //Rouge;CHARLEVILLE-MEZIERES //Vert;MELUN //Noir;ANGERS //Noir;EVREUX //Vert;CHARTRES //Orange;MEAUX //Orange;MULHOUSE //Orange
134;ALBI //Orange;DAX //Orange;AUCH //Vert;MONT-DE-MARSAN //Vert;RODEZ //Vert;BAYONNE //Noir;;;;;;
135;EVREUX //Vert;LE MANS //Rouge;BETHUNE //Vert;BEAUVAIS //Vert;COUTANCES //Vert;QUIMPER //Vert;ARRAS //Vert;NIORT //Vert;;;;
136;GRASSE //Rouge;LA ROCHELLE  //Noir;BOULOGNE SUR MER //Vert;VALENCE //Rouge;ORLEANS //Rouge;BREST //Orange;AMIENS //Noir;EVREUX //Vert;SAINT NAZAIRE //Vert;NARBONNE //Orange;LA ROCHE S/ YON //Vert;
137;LYON //Noir;GRENOBLE //Rouge;VALENCE //Rouge;CHAMBERY //Rouge;SAINT-ETIENNE //Orange;BOURGOIN JALLIEU //Vert;;;;;;
138;CRETEIL //Rouge;PARIS //Noir;NANTERRE //Noir;BOBIGNY //Rouge;MEAUX //Orange;SAINT MALO //Vert;PONTOISE //Rouge;EVRY //Rouge;;;;
139;PONTOISE //Rouge;MELUN //Noir;CRETEIL //Rouge;AMIENS //Noir;TROYES //Vert;LAON //Vert;COMPIEGNE //Vert;SOISSONS //Vert;CHARTRES //Orange;REIMS //Noir;;
140;COLMAR //Orange;NANCY //Vert;BELFORT //Orange;ROUEN //Noir;MONTBELLIARD //Vert;LA ROCHELLE  //Noir;;;;;;
141;AVIGNON //Noir;LILLE //Rouge;NIMES //Rouge;REIMS //Noir;CHARTRES //Orange;MEAUX //Orange;;;;;;
142;NIORT //Vert;LA ROCHELLE  //Noir;LA ROCHE S/ YON //Vert;LES SABLES D'OLONNE //Vert;TOURS //Noir;POITIERS //Rouge;BLOIS //Orange;;;;;
143;LA ROCHELLE  //Noir;TOURS //Noir;ORLEANS //Rouge;LA ROCHE S/ YON //Vert;GRASSE //Rouge;DRAGUIGNAN //Vert;;;;;;
144;NANTES  //Noir;LILLE //Rouge;LA ROCHELLE  //Noir;CRETEIL //Rouge;MEAUX //Orange;LA ROCHE S/ YON //Vert;;;;;;
145;POITIERS //Rouge;LA ROCHELLE  //Noir;MULHOUSE //Orange;CHAMBERY //Rouge;VALENCE //Rouge;EVREUX //Vert;;;;;;
146;REIMS //Noir;NANTES  //Noir;CHARTRES //Orange;NANCY //Vert;CHAMBERY //Rouge;QUIMPER //Vert;LE PUY EN VELAY //Vert;;;;;
147;BAYONNE //Noir;AVIGNON //Noir;MONTAUBAN //Rouge;PAU //Rouge;NARBONNE //Orange;MONT-DE-MARSAN //Vert;;;;;;
148;BASTIA //Orange;FONTAINEBLEAU //Rouge;PONTOISE //Rouge;AJACCIO //Rouge;SAINT MALO //Vert;BOBIGNY //Rouge;;;;;;
149;LYON //Noir;VIENNE //Noir;SAINT-ETIENNE //Orange;BOURGOIN JALLIEU //Vert;VILLEFRANCHE SUR SAONE //Vert;VALENCE //Rouge;BOURG/BRES. //Vert;;;;;
150;MEAUX //Orange;PONTOISE //Rouge;EVRY //Rouge;SAINT-ETIENNE //Orange;CHARTRES //Orange;TARASCON //Vert;BEAUVAIS //Vert;CARPENTRAS //Vert;;;;
151;CHARTRES //Orange;EVREUX //Vert;LE MANS //Rouge;ANGERS //Noir;TOURS //Noir;POITIERS //Rouge;;;;;;
152;BOURG/BRES. //Vert;VALENCE //Rouge;TOULOUSE //Rouge;BASTIA //Orange;CHAMBERY //Rouge;SAINT BRIEUC //Orange;;;;;;
153;AVIGNON //Noir;ANNECY //Noir;CHAMBERY //Rouge;BREST //Orange;SAINT-ETIENNE //Orange;GRENOBLE //Rouge;TOULON //Orange;LA ROCHE S/ YON //Vert;SAINT BRIEUC //Orange;VALENCE //Rouge;;
154;LYON //Noir;TOURS //Noir;TOULOUSE //Rouge;NICE //Rouge;TOULON //Orange;CHARTRES //Orange;RENNES //Noir;ORLEANS //Rouge;SAINT MALO //Vert;;;
155;BAYONNE //Noir;LA ROCHELLE  //Noir;SAINTES //Vert;PAU //Rouge;TARBES //Vert;DAX //Orange;;;;;;
156;TOULON //Orange;AIX //Noir;BOURG/BRES. //Vert;LYON //Noir;VALENCE //Rouge;NIMES //Rouge;;;;;;
157;POITIERS //Rouge;ROUEN //Noir;ORLEANS //Rouge;REIMS //Noir;NANCY //Vert;TROYES //Vert;;;;;;
158;STRASBOURG //Rouge;RENNES //Noir;NANTES  //Noir;ORLEANS //Rouge;BREST //Orange;CHARTRES //Orange;TROYES //Vert;LIMOGES //Vert;;;;
159;AGEN //Noir;MONTAUBAN //Rouge;PAU //Rouge;TOULOUSE //Rouge;MONT-DE-MARSAN //Vert;LIMOGES //Vert;BAYONNE //Noir;AIX //Noir;AVIGNON //Noir;NIMES //Rouge;CAHORS //Vert;ALBI //Orange
160;NIMES //Rouge;BOBIGNY //Rouge;PARIS //Noir;TARASCON //Vert;CRETEIL //Rouge;ALES //Vert;;;;;;
161;LA ROCHELLE  //Noir;ROUEN //Noir;POITIERS //Rouge;LORIENT //Rouge;NANCY //Vert;LA ROCHE S/ YON //Vert;BREST //Orange;;;;;
162;TOULOUSE //Rouge;MARSEILLE //Rouge;NICE //Rouge;TOULON //Orange;GRASSE //Rouge;NANCY //Vert;PARIS //Noir;LYON //Noir;MONTPELLIER //Noir;ORLEANS //Rouge;PAU //Rouge;NIMES //Rouge
163;DUNKERQUE //Rouge;AMIENS //Noir;CHARTRES //Orange;BOULOGNE SUR MER //Vert;CLERMONT FERRAND //Vert;BREST //Orange;;;;;;
164;TOULON //Orange;AIX //Noir;MARSEILLE //Rouge;AVIGNON //Noir;NIMES //Rouge;TARASCON //Vert;;;;;;
165;ROUEN //Noir;EVREUX //Vert;TROYES //Vert;ORLEANS //Rouge;AMIENS //Noir;CHARTRES //Orange;REIMS //Noir;MELUN //Noir;MEAUX //Orange;CHALON SUR SAONE //Vert;DIJON //Noir;LAON //Vert
166;AMIENS //Noir;LE MANS //Rouge;MEAUX //Orange;MELUN //Noir;PONTOISE //Rouge;SAINT MALO //Vert;CHARTRES //Orange;ARRAS //Vert;CLERMONT FERRAND //Vert;;;
167;NIMES //Rouge;MONTPELLIER //Noir;DRAGUIGNAN //Vert;GRASSE //Rouge;TOULON //Orange;NICE //Rouge;RENNES //Noir;TARASCON //Vert;ANNECY //Noir;;;
168;BOULOGNE SUR MER //Vert;MONTPELLIER //Noir;DUNKERQUE //Rouge;NANTES  //Noir;TOULOUSE //Rouge;SAINT BRIEUC //Orange;;;;;;
169;MONTPELLIER //Noir;NIMES //Rouge;TOULON //Orange;NICE //Rouge;GRASSE //Rouge;DRAGUIGNAN //Vert;MEAUX //Orange;TARASCON //Vert;VALENCE //Rouge;;;
170;BAYONNE //Noir;GRENOBLE //Rouge;LA ROCHELLE  //Noir;BOBIGNY //Rouge;BREST //Orange;LES SABLES D'OLONNE //Vert;;;;;;
171;MONTPELLIER //Noir;BEZIERS //Vert;LONS-LE-SAUNIER //Vert;NIMES //Rouge;VALENCE //Rouge;AMIENS //Noir;;;;;;
172;COLMAR //Orange;ANNECY //Noir;EPINAL //Vert;ANGERS //Noir;LONS-LE-SAUNIER //Vert;BELFORT //Orange;;;;;;
173;ROUEN //Noir;EVREUX //Vert;LA ROCHELLE  //Noir;CHARTRES //Orange;LE MANS //Rouge;LA ROCHE S/ YON //Vert;RENNES //Noir;QUIMPER //Vert;AMIENS //Noir;LORIENT //Rouge;;
174;AIX //Noir;AMIENS //Noir;ORLEANS //Rouge;LE MANS //Rouge;NANCY //Vert;SAINT BRIEUC //Orange;;;;;;
175;LA ROCHELLE  //Noir;CLERMONT FERRAND //Vert;VILLEFRANCHE SUR SAONE //Vert;CHALON SUR SAONE //Vert;MACON //Vert;CHAMBERY //Rouge;CUSSET //Vert;LYON //Noir;SAINTES //Vert;QUIMPER //Vert;NARBONNE //Orange;ARRAS //Vert
176;MARSEILLE //Rouge;GRENOBLE //Rouge;GRASSE //Rouge;CHAMBERY //Rouge;BASTIA //Orange;PRIVAS //Vert;;;;;;
177;LORIENT //Rouge;SAINT NAZAIRE //Vert;RENNES //Noir;STRASBOURG //Rouge;BETHUNE //Vert;DRAGUIGNAN //Vert;POITIERS //Rouge;LILLE //Rouge;LES SABLES D'OLONNE //Vert;LE MANS //Rouge;;
178;AMIENS //Noir;LE MANS //Rouge;MEAUX //Orange;MELUN //Noir;PONTOISE //Rouge;SAINT MALO //Vert;CHARTRES //Orange;ARRAS //Vert;SAINT NAZAIRE //Vert;CLERMONT FERRAND //Vert;;
179;STRASBOURG //Rouge;COLMAR //Orange;SAVERNE //Vert;PONTOISE //Rouge;QUIMPER //Vert;SAINT MALO //Vert;;;;;;
180;BELFORT //Orange;COLMAR //Orange;MULHOUSE //Orange;MONTBELLIARD //Vert;STRASBOURG //Rouge;VESOUL //Vert;;;;;;
181;LYON //Noir;REIMS //Noir;MARSEILLE //Rouge;MEAUX //Orange;BOULOGNE SUR MER //Vert;ARRAS //Vert;DRAGUIGNAN //Vert;BEAUVAIS //Vert;TROYES //Vert;BEZIERS //Vert;TARASCON //Vert;CARPENTRAS //Vert
182;MONTPELLIER //Noir;LA ROCHELLE  //Noir;TOULON //Orange;NICE //Rouge;SAINT BRIEUC //Orange;LORIENT //Rouge;VALENCE //Rouge;AVIGNON //Noir;AIX //Noir;;;
183;MULHOUSE //Orange;MONTBELLIARD //Vert;COLMAR //Orange;DIJON //Noir;LONS-LE-SAUNIER //Vert;STRASBOURG //Rouge;VESOUL //Vert;;;;;
184;SAINT-ETIENNE //Orange;VALENCE //Rouge;LYON //Noir;VIENNE //Noir;VILLEFRANCHE SUR SAONE //Vert;BOURGOIN JALLIEU //Vert;;;;;;
185;TOULOUSE //Rouge;LA ROCHELLE  //Noir;ORLEANS //Rouge;VALENCE //Rouge;BOURG/BRES. //Vert;NANCY //Vert;LYON //Noir;PERPIGNAN //Rouge;BREST //Orange;POITIERS //Rouge;STRASBOURG //Rouge;LIMOGES //Vert
186;NANTES  //Noir;LA ROCHE S/ YON //Vert;LA ROCHELLE  //Noir;SAINT BRIEUC //Orange;BREST //Orange;CLERMONT FERRAND //Vert;;;;;;
187;DAX //Orange;LA ROCHELLE  //Noir;BAYONNE //Noir;PAU //Rouge;DRAGUIGNAN //Vert;ORLEANS //Rouge;;;;;;
188;AMIENS //Noir;ROUEN //Noir;LE MANS //Rouge;ORLEANS //Rouge;BOULOGNE SUR MER //Vert;VALENCIENNES //Vert;LAON //Vert;DOUAI //Orange;MEAUX //Orange;SAINT-ETIENNE //Orange;;
189;ANGERS //Noir;LORIENT //Rouge;SAINT BRIEUC //Orange;ANNECY //Noir;VALENCE //Rouge;QUIMPER //Vert;;;;;;
190;PERIGUEUX //Rouge;AGEN //Noir;LA ROCHELLE  //Noir;AUCH //Vert;CAHORS //Vert;LIMOGES //Vert;SAINTES //Vert;MONT-DE-MARSAN //Vert;NIORT //Vert;;;
191;POITIERS //Rouge;AGEN //Noir;PERIGUEUX //Rouge;SAINTES //Vert;PAU //Rouge;BERGERAC //Vert;BAYONNE //Noir;LA ROCHELLE  //Noir;TOURS //Noir;;;
192;SAINT BRIEUC //Orange;LE HAVRE //Noir;NANTES  //Noir;VALENCE //Rouge;LORIENT //Rouge;QUIMPER //Vert;BREST //Orange;ANNECY //Noir;;;;
193;MEAUX //Orange;MELUN //Noir;EVRY //Rouge;PONTOISE //Rouge;CHARTRES //Orange;BEAUVAIS //Vert;SENLIS //Vert;EVREUX //Vert;;;;
194;TOURS //Noir;CHARTRES //Orange;DIJON //Noir;POITIERS //Rouge;BLOIS //Orange;CRETEIL //Rouge;;;;;;
195;STRASBOURG //Rouge;CRETEIL //Rouge;COLMAR //Orange;PONTOISE //Rouge;NANCY //Vert;TROYES //Vert;NANTERRE //Noir;AMIENS //Noir;;;;
196;DIJON //Noir;ANNECY //Noir;PERPIGNAN //Rouge;STRASBOURG //Rouge;CLERMONT FERRAND //Vert;NARBONNE //Orange;RENNES //Noir;;;;;
197;LYON //Noir;LILLE //Rouge;NANTES  //Noir;STRASBOURG //Rouge;COLMAR //Orange;DOUAI //Orange;TOULOUSE //Rouge;MONTPELLIER //Noir;RENNES //Noir;;;
198;PERPIGNAN //Rouge;PAU //Rouge;BAYONNE //Noir;NIMES //Rouge;TOULON //Orange;BEZIERS //Vert;MONTAUBAN //Rouge;SAINT BRIEUC //Orange;LORIENT //Rouge;BREST //Orange;AGEN //Noir;DRAGUIGNAN //Vert
199;ROUEN //Noir;GRENOBLE //Rouge;ORLEANS //Rouge;RENNES //Noir;NANCY //Vert;TROYES //Vert;NANTES  //Noir;POITIERS //Rouge;LE MANS //Rouge;TOURS //Noir;DIJON //Noir;REIMS //Noir
200;NIMES //Rouge;DRAGUIGNAN //Vert;VALENCE //Rouge;CHARTRES //Orange;PONTOISE //Rouge;BOULOGNE SUR MER //Vert;CARPENTRAS //Vert;CHERBOURG //Vert;COUTANCES //Vert;LA ROCHE S/ YON //Vert;SAINT MALO //Vert;MARSEILLE //Rouge
201;NANTERRE //Noir;NICE //Rouge;CRETEIL //Rouge;LYON //Noir;NANCY //Vert;EVREUX //Vert;;;;;;
202;AJACCIO //Rouge;BASTIA //Orange;PERPIGNAN //Rouge;NARBONNE //Orange;TOULOUSE //Rouge;MARSEILLE //Rouge;PAU //Rouge;DAX //Orange;TOULON //Orange;NIMES //Rouge;NICE //Rouge;MONT-DE-MARSAN //Vert
203;NIMES //Rouge;MONTPELLIER //Noir;REIMS //Noir;METZ //Rouge;COLMAR //Orange;EPINAL //Vert;PARIS //Noir;CHALONS EN CHAMPAGNE //Rouge;ALES //Vert;BEZIERS //Vert;THIONVILLE //Vert;BAR LE DUC //Vert
204;DIJON //Noir;MARSEILLE //Rouge;AIX //Noir;ORLEANS //Rouge;MEAUX //Orange;NANCY //Vert;;;;;;
205;BAYONNE //Noir;PAU //Rouge;AGEN //Noir;PERIGUEUX //Rouge;SAINTES //Vert;BERGERAC //Vert;;;;;;
206;DIGNE LES BAINS //Vert;AIX //Noir;TARASCON //Vert;DRAGUIGNAN //Vert;AVIGNON //Noir;CARPENTRAS //Vert;NIMES //Rouge;MONTPELLIER //Noir;TOULON //Orange;VALENCE //Rouge;MARSEILLE //Rouge;
207;ANGERS //Noir;NANTES  //Noir;CHARTRES //Orange;CLERMONT FERRAND //Vert;LILLE //Rouge;POITIERS //Rouge;;;;;;
208;NANTES  //Noir;ROUEN //Noir;ORLEANS //Rouge;METZ //Rouge;NANCY //Vert;SAINT MALO //Vert;AMIENS //Noir;LE HAVRE //Noir;LA ROCHELLE  //Noir;;;
209;AIX //Noir;MONTPELLIER //Noir;TOULON //Orange;NIMES //Rouge;NICE //Rouge;DRAGUIGNAN //Vert;AVIGNON //Noir;TOULOUSE //Rouge;LYON //Noir;GRASSE //Rouge;;
210;BREST //Orange;RENNES //Noir;SAINT-ETIENNE //Orange;CLERMONT FERRAND //Vert;BOULOGNE SUR MER //Vert;PERPIGNAN //Rouge;LORIENT //Rouge;PERIGUEUX //Rouge;MONT-DE-MARSAN //Vert;POITIERS //Rouge;EPINAL //Vert;COUTANCES //Vert
211;POITIERS //Rouge;NANTES  //Noir;LA ROCHELLE  //Noir;CRETEIL //Rouge;NIORT //Vert;LA ROCHE S/ YON //Vert;;;;;;
212;DOUAI //Orange;LILLE //Rouge;BETHUNE //Vert;ARRAS //Vert;DUNKERQUE //Rouge;SAINT-OMER //Vert;VALENCIENNES //Vert;CAMBRAI //Vert;;;;
213;MONTPELLIER //Noir;CRETEIL //Rouge;EVRY //Rouge;PONTOISE //Rouge;MEAUX //Orange;BETHUNE //Vert;BOBIGNY //Rouge;MARSEILLE //Rouge;TOULON //Orange;BEAUVAIS //Vert;EVREUX //Vert;MELUN //Noir
214;ANNECY //Noir;TOURS //Noir;LILLE //Rouge;POITIERS //Rouge;CLERMONT FERRAND //Vert;EVREUX //Vert;;;;;;
215;FONTAINEBLEAU //Rouge;BOULOGNE SUR MER //Vert;BERGERAC //Vert;BETHUNE //Vert;ARRAS //Vert;TROYES //Vert;;;;;;
216;LILLE //Rouge;DOUAI //Orange;BETHUNE //Vert;VALENCIENNES //Vert;ROUEN //Noir;ARRAS //Vert;;;;;;
217;NANTERRE //Noir;CRETEIL //Rouge;PONTOISE //Rouge;TOULOUSE //Rouge;TOULON //Orange;MEAUX //Orange;;;;;;
218;NANTES  //Noir;QUIMPER //Vert;LORIENT //Rouge;BREST //Orange;SAINT MALO //Vert;SAINT NAZAIRE //Vert;SAINT BRIEUC //Orange;;;;;
219;SAINTES //Vert;MONT-DE-MARSAN //Vert;AGEN //Noir;BERGERAC //Vert;PERIGUEUX //Rouge;DAX //Orange;;;;;;
220;BOULOGNE SUR MER //Vert;LILLE //Rouge;AMIENS //Noir;DOUAI //Orange;MELUN //Noir;BOBIGNY //Rouge;;;;;;
221;AVIGNON //Noir;MARSEILLE //Rouge;NICE //Rouge;NIMES //Rouge;NARBONNE //Orange;TARASCON //Vert;;;;;;
222;DIJON //Noir;MONTPELLIER //Noir;NANCY //Vert;CLERMONT FERRAND //Vert;SAINT-ETIENNE //Orange;BREST //Orange;;;;;;
223;CHARTRES //Orange;AGEN //Noir;BOURGES //Orange;RENNES //Noir;LORIENT //Rouge;MONTAUBAN //Rouge;;;;;;
224;LA ROCHELLE  //Noir;TOULOUSE //Rouge;AGEN //Noir;MONT-DE-MARSAN //Vert;SAINTES //Vert;PERIGUEUX //Rouge;;;;;;
225;LA ROCHE S/ YON //Vert;SAINT NAZAIRE //Vert;COUTANCES //Vert;LORIENT //Rouge;LE MANS //Rouge;QUIMPER //Vert;LISIEUX //Vert;LES SABLES D'OLONNE //Vert;CHARTRES //Orange;;;
226;AVIGNON //Noir;TOULON //Orange;NIMES //Rouge;COLMAR //Orange;PERPIGNAN //Rouge;NANCY //Vert;MONTPELLIER //Noir;BASTIA //Orange;NICE //Rouge;STRASBOURG //Rouge;RENNES //Noir;BREST //Orange
227;MARSEILLE //Rouge;NICE //Rouge;TOULON //Orange;BASTIA //Orange;PERPIGNAN //Rouge;TOULOUSE //Rouge;;;;;;
228;ROUEN //Noir;ORLEANS //Rouge;MELUN //Noir;NICE //Rouge;CLERMONT FERRAND //Vert;LONS-LE-SAUNIER //Vert;PERPIGNAN //Rouge;BAYONNE //Noir;MARSEILLE //Rouge;LILLE //Rouge;NANTES  //Noir;SAINT MALO //Vert
229;PARIS //Noir;NANTERRE //Noir;LILLE //Rouge;ORLEANS //Rouge;TROYES //Vert;CHARTRES //Orange;;;;;;
230;BOBIGNY //Rouge;CRETEIL //Rouge;STRASBOURG //Rouge;NANTES  //Noir;NANCY //Vert;BLOIS //Orange;;;;;;
231;BAYONNE //Noir;ORLEANS //Rouge;PERPIGNAN //Rouge;LA ROCHELLE  //Noir;TROYES //Vert;LIMOGES //Vert;PAU //Rouge;TOURS //Noir;LA ROCHE S/ YON //Vert;SAINTES //Vert;AGEN //Noir;MONT-DE-MARSAN //Vert
232;ORLEANS //Rouge;BLOIS //Orange;POITIERS //Rouge;TOULOUSE //Rouge;PERIGUEUX //Rouge;SAINTES //Vert;NIORT //Vert;BRIVE //Vert;CLERMONT FERRAND //Vert;LES SABLES D'OLONNE //Vert;LA ROCHE S/ YON //Vert;
233;MONTPELLIER //Noir;NICE //Rouge;REIMS //Noir;NARBONNE //Orange;PERPIGNAN //Rouge;MEAUX //Orange;EVRY //Rouge;NANTERRE //Noir;PARIS //Noir;PONTOISE //Rouge;BOBIGNY //Rouge;CRETEIL //Rouge
234;AIX //Noir;NANTES  //Noir;GRASSE //Rouge;TOULON //Orange;MARSEILLE //Rouge;DRAGUIGNAN //Vert;BETHUNE //Vert;;;;;
235;LE HAVRE //Noir;ROUEN //Noir;LE MANS //Rouge;EVREUX //Vert;ORLEANS //Rouge;CHARTRES //Orange;LAVAL //Vert;LISIEUX //Vert;ALENCON //Vert;COUTANCES //Vert;BEAUVAIS //Vert;DIEPPE //Vert
236;CRETEIL //Rouge;BOBIGNY //Rouge;BREST //Orange;LORIENT //Rouge;QUIMPER //Vert;LILLE //Rouge;AMIENS //Noir;GRASSE //Rouge;CHARTRES //Orange;;;
237;MONTPELLIER //Noir;NANCY //Vert;TOULOUSE //Rouge;MONTAUBAN //Rouge;NARBONNE //Orange;AJACCIO //Rouge;CHARLEVILLE-MEZIERES //Vert;;;;;
238;TOULOUSE //Rouge;NANTES  //Noir;LILLE //Rouge;ANGERS //Noir;BREST //Orange;CLERMONT FERRAND //Vert;;;;;;
239;DUNKERQUE //Rouge;LILLE //Rouge;PARIS //Noir;AMIENS //Noir;ARRAS //Vert;DOUAI //Orange;;;;;;
240;MARSEILLE //Rouge;NANTES  //Noir;RENNES //Noir;BOBIGNY //Rouge;BREST //Orange;MEAUX //Orange;;;;;;
241;LE HAVRE //Noir;AMIENS //Noir;LILLE //Rouge;CRETEIL //Rouge;NANCY //Vert;BOULOGNE SUR MER //Vert;ANGERS //Noir;TOURS //Noir;BOBIGNY //Rouge;ROUEN //Noir;GRENOBLE //Rouge
242;NARBONNE //Orange;BEZIERS //Vert;DIJON //Noir;TOULON //Orange;DRAGUIGNAN //Vert;MONTAUBAN //Rouge;;;;;;
243;EVRY //Rouge;AIX //Noir;NANTERRE //Noir;CRETEIL //Rouge;NARBONNE //Orange;SAINT NAZAIRE //Vert;CLERMONT FERRAND //Vert;LIMOGES //Vert;SAINT MALO //Vert;MONT-DE-MARSAN //Vert;;
244;NIMES //Rouge;MONTPELLIER //Noir;BEZIERS //Vert;NARBONNE //Orange;AVIGNON //Noir;TOULOUSE //Rouge;;;;;;
245;SAINT BRIEUC //Orange;LA ROCHELLE  //Noir;EVREUX //Vert;LORIENT //Rouge;ORLEANS //Rouge;TROYES //Vert;COUTANCES //Vert;BREST //Orange;LA ROCHE S/ YON //Vert;AMIENS //Noir;QUIMPER //Vert;SAINT MALO //Vert
246;LYON //Noir;CRETEIL //Rouge;MEAUX //Orange;BREST //Orange;PONTOISE //Rouge;ORLEANS //Rouge;SAINT BRIEUC //Orange;TOULON //Orange;SAINT NAZAIRE //Vert;QUIMPER //Vert;NANCY //Vert;
247;AVIGNON //Noir;AIX //Noir;CARPENTRAS //Vert;MARSEILLE //Rouge;VALENCE //Rouge;PRIVAS //Vert;NIMES //Rouge;;;;;
248;MARSEILLE //Rouge;TOULON //Orange;NICE //Rouge;BASTIA //Orange;PERPIGNAN //Rouge;TOULOUSE //Rouge;;;;;;
249;RENNES //Noir;BREST //Orange;SAINT BRIEUC //Orange;QUIMPER //Vert;AMIENS //Noir;VALENCIENNES //Vert;;;;;;
250;MONTPELLIER //Noir;RENNES //Noir;EVRY //Rouge;MARSEILLE //Rouge;TROYES //Vert;EVREUX //Vert;;;;;;
251;BASTIA //Orange;GRASSE //Rouge;AIX //Noir;MARSEILLE //Rouge;DRAGUIGNAN //Vert;TOULON //Orange;MONTPELLIER //Noir;AVIGNON //Noir;PARIS //Noir;NIMES //Rouge;TOULOUSE //Rouge;LYON //Noir
